<?xml version="1.0" encoding="UTF-8"?>
<project-private xmlns="http://www.netbeans.org/ns/project-private/1">
    <editor-bookmarks xmlns="http://www.netbeans.org/ns/editor-bookmarks/2" lastBookmarkId="0"/>
    <open-files xmlns="http://www.netbeans.org/ns/projectui-open-files/2">
        <group>
            <file>file:/D:/git/NIHProject/release/SlidingWindow/src/slidingwindow/WholeDiffImage.java</file>
            <file>file:/D:/git/NIHProject/release/SlidingWindow/src/slidingwindow/WholeDiffBlock.java</file>
            <file>file:/D:/git/NIHProject/release/SlidingWindow/src/slidingwindow/SlidingWindow.java</file>
            <file>file:/D:/git/NIHProject/release/SlidingWindow/src/slidingwindow/SlidingWindowDifference.java</file>
            <file>file:/D:/git/NIHProject/release/SlidingWindow/src/slidingwindow/WholeDiffBlockOld.java</file>
        </group>
    </open-files>
</project-private>
